Title,Module,EntityOrTable,WhatIsIt,WhyUsefulRealTime,HowToCreateOrConfigure,UsedByRole,ProcessType,Rating,Date
Vendor Master Creation,Procurement and Sourcing,VendTable|VendBankAccount|VendInvoiceInfoTable,"Vendor master stores supplier information such as name, address, payment terms, tax details, and bank accounts.","Required to procure goods, process vendor invoices, and make payments in real business scenarios.","Navigate to Procurement and Sourcing > Vendors > All Vendors > New. Select vendor group, enter vendor details, configure payment terms, tax group, and save.",Procurement Manager,Master,5,2024-01-01
Purchase Order Creation,Procurement and Sourcing,PurchTable|PurchLine,"Purchase Order is a legally binding document issued to vendors for purchasing goods or services.","Controls procurement spending, commits vendors to deliver goods, and integrates inventory and finance.","Go to Procurement and Sourcing > Purchase Orders > All Purchase Orders > New. Select vendor, add purchase lines, quantities, prices, delivery dates, and save.",Procurement Officer,Transaction,5,2024-01-02
Purchase Order Workflow,Procurement and Sourcing,WorkflowTable|WorkflowTrackingStatusTable,"Workflow enables approval of purchase orders based on amount, category, or department rules.","Prevents unauthorized purchases and ensures compliance and audit control.","Configure workflow in Procurement and Sourcing > Setup > Procurement workflows. Submit PO for approval and wait for approval.",Approver,Control,5,2024-01-03
Purchase Order Confirmation,Procurement and Sourcing,PurchConfirmJour,"Purchase Order confirmation sends the finalized order to the vendor.","Confirms commitment with the vendor and freezes critical fields.","Open Purchase Order > Confirm > OK. System generates confirmation document.",Procurement Officer,Transaction,5,2024-01-04
Product Receipt Posting,Inventory Management,InventTrans|InventDim,"Product receipt records the physical receipt of goods against a purchase order.","Updates inventory stock in real time and enables invoice matching.","Open Purchase Order > Receive > Product Receipt. Enter received quantity and post.",Warehouse Clerk,Transaction,5,2024-01-05
Inventory Item Creation,Inventory Management,InventTable|InventItemLocation,"Items represent products or materials that are stocked, purchased, or sold.","Foundation for inventory tracking, costing, procurement, and sales.","Go to Product Information Management > Released Products > New. Define item number, item model group, storage and tracking dimensions.",Inventory Manager,Master,5,2024-01-06
Inventory Model Group,Inventory Management,InventModelGroup,"Inventory model group defines how inventory value is calculated such as FIFO, Weighted Average, or Standard Cost.","Ensures accurate inventory valuation and financial reporting.","Navigate to Inventory Management > Setup > Inventory > Model Groups. Create model group and assign to item.",Cost Accountant,Setup,5,2024-01-07
Vendor Invoice Processing,Accounts Payable,VendInvoiceJour|VendInvoiceTrans,"Vendor invoice records the bill received from the vendor for delivered goods or services.","Enables liability recognition, cost accounting, and vendor payment processing.","Accounts Payable > Invoices > Invoice Journal > New. Match with PO, validate, and post.",Accounts Payable Clerk,Transaction,5,2024-01-08
Three Way Matching,Accounts Payable,InvoiceMatchingPolicy,"Three-way matching compares purchase order, product receipt, and vendor invoice.","Prevents overbilling and ensures invoice accuracy.","Enable invoice matching policy in Accounts Payable > Setup. System validates automatically during invoice posting.",Finance Controller,Control,5,2024-01-09
Customer Master Creation,Accounts Receivable,CustTable|CustInvoiceTable,"Customer master stores billing, payment, and tax details for customers.","Required to create sales orders and post customer invoices.","Accounts Receivable > Customers > All Customers > New. Enter customer details, payment terms, and save.",Accounts Receivable Manager,Master,5,2024-01-10
Sales Order Creation,Sales and Marketing,SalesTable|SalesLine,"Sales order records customer demand for goods or services.","Drives revenue generation and delivery commitments.","Sales and Marketing > Sales Orders > All Sales Orders > New. Select customer and add items.",Sales Executive,Transaction,5,2024-01-11
Sales Order Confirmation,Sales and Marketing,SalesConfirmJour,"Sales order confirmation formally commits order details to the customer.","Improves customer communication and demand planning.","Open Sales Order > Confirm > OK.",Sales Coordinator,Transaction,4,2024-01-12
Packing Slip Posting,Sales and Marketing,SalesPackingSlipJour,"Packing slip records the shipment of goods to the customer.","Updates inventory and prepares order for invoicing.","Sales Order > Pick and Pack > Packing Slip.",Warehouse Supervisor,Transaction,5,2024-01-13
Customer Invoice Posting,Accounts Receivable,CustInvoiceJour,"Customer invoice records revenue and accounts receivable.","Ensures correct revenue recognition and customer balance updates.","Sales Order > Invoice > Post.",Accounts Receivable Clerk,Transaction,5,2024-01-14
General Ledger Setup,General Ledger,LedgerTable|MainAccount,"General Ledger defines the chart of accounts and financial structure.","Foundation for all financial postings and reporting.","General Ledger > Chart of Accounts > Main Accounts > New. Define account structure.",Finance Manager,Setup,5,2024-01-15
Journal Entry Posting,General Ledger,LedgerJournalTable|LedgerJournalTrans,"Journal entries record manual or automated financial transactions.","Ensures accurate accounting and audit trail.","General Ledger > Journal Entries > New Journal > Lines > Post.",Accountant,Transaction,5,2024-01-16
Bank Account Setup,Cash and Bank Management,BankAccountTable,"Bank accounts store organizational bank details.","Required for payments, receipts, and reconciliations.","Cash and Bank Management > Bank Accounts > New. Enter bank details and save.",Treasury Manager,Master,4,2024-01-17
Bank Reconciliation,Cash and Bank Management,BankReconciliationTable,"Bank reconciliation matches bank statements with system transactions.","Prevents financial discrepancies and fraud.","Cash and Bank Management > Reconcile > Bank Reconciliation.",Treasury Analyst,Process,4,2024-01-18
Project Creation,Project Management and Accounting,ProjTable,"Projects track costs and revenues for project-based work.","Supports project costing, billing, and profitability analysis.","Project Management > Projects > New. Configure project type and funding.",Project Manager,Master,4,2024-01-19
Human Resource Worker Creation,Human Resources,HcmWorker|HcmEmployment,"Worker records store employee personal and employment information.","Required for payroll, benefits, and compliance.","Human Resources > Workers > New. Enter worker and employment details.",HR Manager,Master,4,2024-01-20
Fixed Asset Creation,Asset Management,AssetTable,"Fixed assets represent long-term company-owned assets.","Enables depreciation and asset lifecycle tracking.","Asset Management > Fixed Assets > New. Assign asset group and acquisition value.",Asset Accountant,Master,4,2024-01-21
